study_hours,attendance,sleep_hours,assignments,quiz_marks,screen_time,participation,risk_level
6.3,41,7.1,64,10,7,0,Medium
1.7,49,4.5,16,10,10,1,High
8.0,45,7.5,100,20,2,0,Medium
6.2,50,7.4,94,14,6,0,Low
5.3,53,4.6,81,10,6,0,Low
5.6,92,7.8,83,15,6,2,Low
4.7,62,8.6,84,11,3,1,Low
2.6,82,4.7,49,9,9,1,High
1.6,87,9.0,31,8,9,2,High
5.5,84,7.3,74,11,3,1,Low
5.2,77,8.2,79,13,4,1,Low
4.4,54,6.7,62,10,6,0,Medium
4.5,99,8.1,88,9,5,2,Low
8.0,46,8.1,88,16,3,0,Low
6.0,88,5.3,100,8,5,2,Low
4.3,40,8.2,40,16,10,0,High
6.9,59,4.6,83,15,2,1,Low
3.8,70,5.7,46,11,8,1,Low
7.2,63,7.3,87,19,3,1,Low
2.7,59,6.4,44,12,10,0,High
3.3,85,4.2,69,10,7,2,Low
4.2,66,4.5,71,5,7,1,Medium
8.0,65,7.9,87,14,1,0,Low
4.4,76,5.8,81,16,8,1,Low
2.4,75,8.2,33,13,10,1,Medium
7.7,70,5.7,100,15,2,0,Low
4.6,100,4.5,99,13,5,2,Low
4.7,98,4.0,69,8,9,2,Medium
5.6,95,4.2,100,8,1,1,Medium
5.5,50,5.9,55,11,4,0,Medium
8.0,43,5.6,100,14,3,0,Medium
5.9,85,7.2,70,13,5,1,Low
6.2,74,5.0,93,9,3,1,Medium
5.6,63,7.6,92,9,6,0,Low
2.8,45,7.2,40,12,9,1,High
3.4,94,4.7,56,10,6,2,Low
2.7,95,8.2,67,14,7,1,Low
4.0,50,5.9,71,7,9,0,Medium
4.6,44,7.2,58,10,6,1,Low
2.9,64,7.8,40,6,9,1,High
6.7,63,8.0,93,11,6,1,Low
8.0,81,5.1,100,13,1,2,Low
3.4,65,7.7,70,11,7,1,Low
6.9,52,5.4,78,14,5,0,Low
4.4,91,6.4,83,8,5,2,Low
3.3,96,7.3,75,13,10,2,Low
7.8,42,5.1,84,11,2,0,Medium
2.0,75,8.7,46,7,10,0,High
4.0,61,4.4,53,4,9,1,High
3.6,54,7.1,73,8,7,1,Medium
5.1,53,5.0,74,10,7,0,Medium
5.0,63,7.6,55,15,9,1,Low
5.5,63,8.6,80,19,4,1,Low
4.1,80,6.4,52,10,4,1,Low
8.0,46,7.6,97,13,4,0,Low
4.3,83,6.4,80,8,10,2,Medium
3.2,72,5.5,52,12,9,1,Medium
6.0,92,4.3,78,14,3,2,Low
4.9,47,6.9,77,11,3,0,Medium
7.6,86,5.3,100,12,4,2,Low
5.2,76,7.7,98,9,3,1,Low
7.1,53,8.8,94,19,5,0,Low
1.5,89,7.1,64,6,10,2,High
7.4,93,6.0,100,11,1,1,Low
4.7,90,7.8,63,15,4,2,Low
6.8,90,8.9,81,20,2,2,Low
4.2,95,6.1,82,10,10,2,Low
6.7,85,7.1,95,20,6,2,Low
5.7,67,6.7,90,17,7,1,Low
4.8,56,7.2,87,13,5,0,Low
3.3,72,6.0,46,10,10,1,Medium
7.8,90,7.2,100,20,1,2,Low
4.7,55,5.7,70,10,4,0,Low
6.3,93,7.5,76,13,5,2,Low
2.2,92,8.2,70,5,9,2,High
7.3,94,6.3,100,17,1,1,Low
7.5,50,4.4,91,12,1,0,Low
5.4,80,7.2,76,11,2,1,Low
3.2,97,4.4,78,12,7,1,Medium
2.7,81,7.8,42,13,7,2,Low
8.0,89,8.9,100,14,3,2,Low
3.9,40,5.4,70,6,10,1,Medium
3.4,41,7.9,34,11,7,0,Medium
1.1,49,5.3,28,6,10,0,High
1.8,87,6.0,45,5,10,2,High
3.5,87,5.0,57,7,10,2,High
6.3,94,4.5,85,12,3,2,Low
5.7,47,8.6,72,14,3,1,Low
8.0,42,8.4,97,18,1,1,Low
3.4,100,5.2,83,13,7,1,Low
7.9,71,4.2,100,18,1,1,Medium
6.5,57,8.8,85,19,2,1,Low
5.4,95,7.5,84,12,2,1,Low
6.6,71,4.2,100,13,3,1,Low
6.7,55,5.2,100,15,5,0,Medium
7.2,66,4.2,79,12,5,0,Low
5.3,59,8.7,75,19,7,0,Medium
1.1,99,6.6,56,2,10,2,High
3.1,85,6.3,67,8,6,2,Low
7.7,44,6.6,100,16,1,1,Low
5.2,79,7.1,79,13,2,1,Low
7.1,80,8.8,80,18,3,1,Low
4.1,50,6.8,73,14,6,1,Low
7.6,79,6.6,100,16,4,1,Low
6.2,95,6.4,100,12,7,2,Low
7.1,69,5.3,90,11,1,0,Low
4.4,40,4.5,74,14,8,0,Medium
8.0,74,7.7,100,19,3,1,Low
7.0,47,8.9,78,15,3,0,Medium
6.7,44,7.3,91,15,1,1,Low
7.2,90,5.2,85,14,5,2,Low
6.1,89,5.2,82,16,4,2,Low
3.6,60,4.2,61,9,8,0,Medium
6.9,65,6.5,100,12,1,0,Low
4.7,41,5.9,69,14,10,1,Medium
3.1,56,6.0,56,10,8,0,Medium
2.0,93,8.8,69,11,10,2,Low
5.8,75,5.9,96,9,1,1,Low
4.7,48,6.9,46,14,10,0,Medium
7.5,88,5.8,100,18,1,1,Low
4.9,60,6.3,76,14,8,0,Medium
5.6,58,6.8,93,14,6,0,Low
2.7,75,7.9,66,11,7,1,Low
7.3,71,4.7,100,17,2,1,Low
2.4,46,5.9,50,9,8,0,High
3.5,97,4.6,61,4,9,2,Medium
1.4,60,6.2,47,6,10,0,High
7.3,64,6.2,100,11,5,1,Low
6.1,65,5.8,74,18,2,0,Low
6.5,67,6.6,97,20,3,0,Low
5.3,96,4.8,99,11,2,2,Low
4.4,81,5.2,76,12,7,2,Low
5.2,40,7.1,69,16,6,0,Low
6.0,72,5.9,100,18,8,1,Low
7.4,59,7.9,100,20,3,0,Low
5.8,56,6.3,62,10,4,1,Low
5.1,86,4.7,74,11,6,2,Low
8.0,59,5.2,89,13,1,0,Medium
3.6,75,4.8,69,13,8,1,Medium
4.4,50,4.7,63,7,10,0,High
8.0,59,7.4,92,19,1,0,Low
6.8,60,6.7,100,19,1,0,Low
4.3,59,8.7,72,10,6,0,Low
5.0,90,4.5,84,12,8,2,Low
6.9,63,5.3,100,19,5,1,Low
6.0,94,8.1,98,13,4,1,Low
2.6,96,6.7,46,8,10,1,Medium
8.0,96,5.8,100,15,1,1,Low
3.8,58,7.4,61,10,7,0,Low
8.0,60,4.8,100,17,1,0,Low
2.0,100,6.5,51,8,9,1,Medium
3.1,45,4.5,50,9,10,1,High
5.6,82,6.4,64,12,5,1,Low
3.7,86,8.9,82,11,9,1,Medium
5.0,51,9.0,58,10,10,1,Medium
4.8,82,4.3,67,11,7,2,Low
2.6,92,7.0,78,11,9,1,Medium
2.0,100,8.6,52,13,10,1,Medium
3.7,44,5.7,44,9,9,0,Medium
3.2,48,5.7,41,12,6,1,Low
5.9,100,9.0,86,13,7,1,Low
3.0,43,8.3,48,12,6,0,Medium
4.3,53,7.4,71,13,7,0,Low
6.9,40,8.8,68,20,4,0,Low
7.0,49,7.9,100,19,4,0,Low
3.6,77,7.4,73,10,5,1,Low
5.1,68,6.6,72,8,2,1,Low
8.0,89,7.0,100,14,1,2,Low
8.0,88,8.1,91,15,1,1,Low
6.0,78,8.4,84,18,5,0,Low
5.5,57,4.7,77,13,5,1,Medium
5.9,44,5.6,64,14,2,0,Low
3.5,44,8.2,36,7,7,0,High
3.0,91,4.5,44,6,7,2,Medium
2.0,76,7.1,66,5,9,1,High
4.5,73,5.8,61,12,7,1,Low
3.1,71,6.6,56,6,8,1,High
3.6,93,8.2,51,8,8,2,Medium
7.4,46,4.3,79,12,5,0,Medium
7.0,47,7.9,82,14,4,0,Low
7.1,79,4.6,89,11,3,0,Medium
3.9,96,5.0,68,7,9,1,Medium
5.6,52,6.8,83,17,2,0,Low
2.6,71,7.1,33,9,7,0,Medium
6.3,52,4.7,88,12,1,0,Low
5.7,86,8.1,96,17,7,2,Low
3.3,83,4.6,72,8,10,2,High
5.5,90,8.0,82,12,8,2,Low
6.7,61,8.7,88,12,2,1,Low
4.1,70,6.8,62,7,5,1,Medium
3.1,68,5.0,62,12,7,1,Low
5.6,91,7.5,98,16,1,1,Low
4.2,81,8.0,74,15,5,1,Low
5.0,86,6.0,64,10,3,2,Low
5.7,49,8.5,81,16,2,1,Low
7.7,56,6.4,91,15,1,1,Low
1.8,85,7.8,57,7,9,2,Medium
6.3,63,8.5,70,19,2,1,Low
4.4,96,6.3,81,8,8,1,Low
5.4,74,7.0,95,13,9,0,Low
8.0,100,4.3,100,17,2,2,Low
3.9,65,7.1,51,14,5,1,Low
8.0,63,4.3,85,20,1,0,Low
3.1,74,4.4,54,7,10,1,High
7.9,92,5.6,100,13,3,2,Low
4.4,95,7.0,68,9,6,2,Low
3.2,56,7.3,39,15,9,0,Medium
3.6,55,6.2,64,14,9,0,Medium
4.2,70,8.9,54,11,7,0,Medium
4.2,46,7.3,42,10,10,0,High
5.9,79,4.0,96,14,6,1,Low
4.0,81,4.2,78,7,6,1,Low
6.1,52,7.7,83,16,5,0,Low
5.9,96,6.5,100,9,5,2,Low
7.5,48,6.7,76,17,1,0,Medium
6.1,52,6.4,68,12,2,1,Low
6.7,74,5.8,99,18,4,1,Low
4.0,88,5.8,61,8,6,2,Low
4.8,99,8.2,81,12,7,2,Low
6.4,59,6.4,69,11,1,0,Low
7.5,86,8.5,100,17,2,2,Low
6.5,85,5.2,100,9,1,1,Low
4.0,40,8.9,67,12,7,1,Low
4.6,65,8.3,77,15,5,1,Low
5.0,80,4.5,80,12,4,0,Low
1.8,48,4.2,28,3,9,0,High
4.3,72,5.2,49,10,10,1,Medium
6.2,48,8.0,67,15,4,1,Low
4.1,88,7.3,91,10,6,2,Low
2.9,79,7.1,38,8,9,1,Medium
6.6,59,7.5,96,16,2,1,Low
5.5,67,4.0,97,8,4,1,Low
4.6,46,8.2,63,9,9,0,Medium
5.7,55,7.5,68,13,5,0,Low
5.4,57,6.9,82,10,5,1,Low
4.5,61,9.0,56,14,9,1,Low
7.7,85,8.2,95,17,1,1,Low
3.8,67,7.0,61,13,7,1,Low
6.8,40,4.9,64,12,4,0,Medium
5.0,60,7.1,55,13,9,0,Low
6.4,53,7.9,62,11,4,1,Low
6.7,80,4.5,100,14,6,1,Low
7.1,54,4.7,77,17,2,0,Low
4.7,62,5.0,78,8,7,1,Medium
8.0,90,4.7,100,14,2,2,Low
5.4,81,7.6,80,9,3,1,Low
8.0,72,5.8,100,14,1,0,Low
2.2,67,7.9,53,4,8,1,High
2.0,43,6.6,24,7,10,0,High
4.0,81,6.8,52,8,6,2,Low
5.1,68,5.3,70,16,3,0,Low
2.9,61,8.4,40,12,9,1,Low
7.0,99,4.4,84,12,5,1,Low
8.0,98,7.2,95,18,1,2,Low
4.4,94,4.4,69,10,4,1,Low
6.4,50,7.0,92,15,4,0,Low
4.9,97,7.5,77,14,7,1,Low
3.9,53,4.3,43,6,9,0,High
7.0,45,7.3,96,15,3,1,Low
5.1,85,6.4,95,8,2,2,Low
7.2,52,7.1,100,20,3,1,Low
3.5,56,5.1,61,4,7,1,High
6.6,100,8.1,100,19,1,1,Low
5.2,47,5.1,80,11,9,0,Medium
5.4,96,6.5,90,15,8,2,Low
5.7,88,5.9,100,10,1,2,Low
1.1,70,5.9,42,10,10,1,High
5.5,82,4.1,84,7,7,1,Medium
3.5,52,5.5,42,13,7,1,Low
6.9,68,7.1,83,17,5,1,Low
6.7,96,4.7,94,13,1,2,Low
6.3,45,7.9,60,18,4,0,Low
5.8,55,6.0,94,13,5,0,Low
3.0,84,5.4,70,6,6,2,Medium
6.4,48,8.0,94,18,4,1,Low
3.4,73,8.4,66,15,9,0,Low
8.0,61,6.8,100,15,2,0,Low
8.0,98,7.7,100,13,2,1,Low
6.7,42,8.3,74,15,4,0,Low
2.1,53,6.9,27,6,10,1,High
4.9,48,6.2,53,8,5,0,Medium
4.7,70,8.6,87,15,6,1,Low
3.0,79,5.8,56,5,7,0,High
6.9,75,7.2,100,14,1,1,Low
6.5,54,8.2,97,11,5,1,Low
6.2,80,7.7,100,14,4,0,Low
5.1,45,4.8,50,11,9,0,Medium
8.0,42,4.6,78,13,2,0,Low
6.0,87,4.6,80,13,7,2,Low
4.9,49,6.0,81,8,3,0,Low
7.7,52,6.0,100,20,2,1,Low
4.9,69,9.0,92,12,3,0,Low
6.1,82,8.3,74,10,6,2,Low
8.0,78,8.3,100,16,1,1,Low
6.3,40,5.3,82,11,4,0,Low
7.2,97,4.3,98,15,2,1,Low
2.2,96,8.5,68,9,8,2,Medium
5.7,88,6.0,87,9,6,2,Low
4.0,58,8.6,76,14,9,0,Low
5.1,69,4.7,75,13,7,1,Low
7.0,83,8.7,100,13,2,2,Low
5.1,93,8.9,84,16,4,2,Low
5.6,87,7.1,68,17,3,2,Low
3.9,86,7.2,69,8,9,1,Low
6.9,62,6.2,100,12,2,1,Low
4.2,90,8.1,78,14,10,2,Low
3.1,59,5.7,57,8,10,1,High
6.5,93,6.9,88,15,4,1,Low
6.4,53,5.4,81,13,4,1,Low
6.5,43,8.2,62,14,3,0,Medium
1.1,82,8.3,41,7,10,2,High
5.1,76,7.7,74,15,5,1,Low
4.0,66,8.9,60,12,5,1,Low
7.7,100,5.7,100,14,4,1,Low
8.0,50,6.7,87,13,2,0,Low
4.9,80,7.8,95,14,6,0,Low
2.8,67,7.1,34,7,7,0,Medium
4.0,57,7.3,41,13,9,0,Low
4.3,97,5.1,95,12,10,2,Medium
4.2,46,8.2,42,12,4,0,Low
8.0,99,7.8,100,20,3,1,Low
3.2,71,8.9,64,15,9,1,Low
7.5,65,6.7,100,19,3,1,Low
5.3,50,5.4,82,14,8,0,Medium
3.3,51,6.5,64,6,8,0,High
1.8,86,8.8,29,9,9,2,High
5.9,88,8.1,82,11,8,1,Low
5.8,79,8.2,100,11,2,1,Low
7.8,97,6.4,100,17,3,2,Low
8.0,67,8.6,87,16,3,1,Low
5.7,96,4.8,94,15,8,2,Low
3.2,77,8.0,41,10,8,1,Low
6.3,85,8.1,73,20,6,2,Low
7.2,42,7.2,81,13,2,1,Low
3.4,99,9.0,83,15,6,1,Low
6.4,51,7.8,100,20,4,0,Low
5.6,69,6.6,91,13,1,1,Low
6.8,62,5.4,79,12,3,0,Low
5.0,55,6.8,85,8,6,0,Medium
5.8,90,7.7,95,18,5,2,Low
6.1,42,6.1,79,16,4,1,Low
5.6,40,6.2,82,16,5,0,Medium
4.1,78,6.1,51,6,10,0,Medium
2.2,52,7.3,54,7,9,0,High
5.0,53,5.0,68,12,3,1,Low
7.0,74,4.7,92,17,1,1,Low
4.9,52,6.6,66,15,7,0,Medium
8.0,92,4.3,100,16,2,2,Low
8.0,94,4.7,95,12,2,2,Low
7.5,99,7.8,100,17,5,2,Low
4.7,67,8.2,60,12,9,0,Low
5.8,65,6.8,73,14,5,0,Low
6.5,97,4.7,88,9,1,2,Low
3.8,91,8.9,63,12,9,2,Low
4.7,48,4.8,44,8,7,0,Medium
6.0,73,5.3,67,14,5,1,Low
3.9,61,4.6,56,10,8,1,Medium
4.3,66,6.6,82,12,5,1,Low
3.3,41,4.5,38,12,6,1,Medium
6.6,62,8.9,100,20,1,1,Low
2.1,61,7.1,53,4,9,0,High
5.3,66,6.1,88,8,2,0,Low
5.4,42,8.5,64,11,5,0,Low
3.9,60,8.3,76,9,8,0,Medium
2.7,42,7.9,51,6,7,0,High
6.4,61,8.3,80,18,7,1,Low
5.6,61,6.3,78,14,1,0,Low
2.8,51,4.4,30,8,8,0,High
4.8,41,7.7,73,11,4,0,Low
7.6,79,5.6,100,20,3,0,Low
5.0,82,7.0,86,17,3,1,Low
7.0,62,7.3,79,16,3,1,Low
2.5,88,6.5,44,8,10,2,High
5.9,62,5.9,78,13,3,0,Low
6.2,53,8.7,65,16,5,0,Low
5.0,46,7.2,76,13,4,1,Low
6.3,46,8.7,91,19,6,0,Low
5.5,57,4.3,77,7,6,0,Medium
4.2,78,4.1,86,7,7,1,Medium
6.1,54,5.7,82,14,3,1,Low
7.3,44,8.7,93,20,5,0,Low
5.0,72,5.7,85,8,7,1,Low
5.4,63,6.7,71,10,5,1,Low
3.8,82,4.4,81,12,10,2,Low
7.7,91,6.6,92,14,1,2,Low
5.2,74,4.1,67,15,4,1,Low
4.9,99,6.0,70,15,6,1,Low
3.7,48,5.2,43,11,8,1,Medium
6.2,60,4.8,92,10,7,0,Medium
1.3,65,4.9,28,4,10,0,High
1.4,80,5.8,53,9,10,1,High
6.2,100,5.9,80,13,2,2,Low
6.8,63,5.8,95,11,2,1,Low
5.5,89,7.1,71,10,6,1,Low
7.2,94,6.1,98,19,3,2,Low
8.0,81,4.6,97,11,4,2,Low
4.8,95,4.9,70,13,7,2,Low
6.7,78,7.9,100,15,1,0,Low
5.9,98,7.8,82,13,5,2,Low
6.5,44,4.9,90,16,5,0,Low
5.6,90,8.2,68,11,2,1,Low
5.9,78,5.9,71,13,7,0,Low
5.5,46,9.0,77,15,7,0,Low
2.3,85,4.9,67,6,10,2,High
8.0,61,4.9,100,18,1,1,Low
4.9,78,4.9,59,15,10,0,Medium
7.4,90,6.4,93,14,5,2,Low
3.7,78,5.6,62,8,9,0,High
7.2,86,4.4,100,14,2,2,Low
4.7,87,6.8,73,16,10,2,Low
5.6,97,7.5,100,9,8,2,Low
5.9,61,4.9,75,16,2,0,Low
3.7,49,8.4,40,8,7,0,Medium
4.0,75,7.8,57,10,6,0,Low
4.3,86,6.6,64,16,4,2,Low
6.7,45,7.7,76,15,2,0,Low
6.4,96,5.0,100,12,5,2,Low
7.1,96,8.5,87,19,5,2,Low
7.3,44,7.8,84,18,3,0,Medium
5.2,95,5.2,68,15,3,2,Low
6.2,90,7.5,93,10,2,1,Low
6.2,83,7.7,88,16,5,1,Low
3.2,81,5.9,80,6,7,2,Medium
2.6,57,6.3,33,8,9,0,High
5.8,73,7.1,68,18,8,1,Low
5.6,78,7.3,87,16,5,1,Low
2.8,45,4.9,62,10,9,0,Medium
3.8,75,5.1,81,13,7,1,Low
3.4,43,6.3,41,8,10,1,High
6.7,57,7.2,84,20,4,0,Low
7.7,45,6.2,78,14,2,1,Low
4.5,97,7.3,87,13,3,1,Low
5.4,43,6.5,64,13,5,0,Low
2.6,93,6.9,71,8,7,1,Medium
8.0,79,7.3,100,14,3,1,Low
2.5,63,8.3,53,10,10,1,Medium
4.8,88,7.2,65,9,3,2,Low
6.5,61,6.6,88,16,5,1,Low
7.0,84,8.8,83,16,5,2,Low
5.9,53,6.7,80,10,1,0,Low
4.9,49,5.2,81,15,7,1,Medium
2.8,72,5.3,56,6,9,1,High
5.7,64,6.5,59,11,1,0,Low
5.9,97,7.1,88,11,6,2,Low
3.4,53,4.7,54,11,9,0,Medium
6.5,59,4.2,100,16,6,0,Low
6.2,52,4.3,95,8,5,0,Medium
4.3,52,4.4,43,7,6,0,Medium
2.1,66,7.6,55,12,9,0,Medium
6.7,61,5.5,86,10,4,0,Low
4.8,93,8.1,81,11,4,2,Low
2.9,92,5.3,42,10,9,2,Low
2.5,52,4.2,44,9,8,0,High
4.1,91,7.2,76,16,10,2,Low
8.0,73,4.5,97,16,1,1,Low
4.4,44,5.9,55,10,4,0,Medium
2.0,63,8.4,24,6,10,0,High
4.5,55,8.7,48,14,4,0,Low
4.5,88,4.3,86,9,8,2,Low
6.6,55,8.3,82,15,3,0,Low
6.4,95,4.7,100,15,2,1,Low
5.8,57,4.6,76,16,1,0,Medium
2.8,46,8.9,28,8,9,0,High
7.7,89,5.5,97,12,4,2,Low
2.6,75,6.8,72,11,10,1,Medium
4.3,49,6.2,67,16,9,0,Medium
3.6,76,4.3,50,9,7,1,Medium
7.3,44,7.2,85,20,2,1,Low
2.8,98,5.8,55,9,9,2,Low
6.1,80,6.6,88,16,6,1,Low
4.7,69,5.0,56,12,9,1,Medium
8.0,90,8.3,100,16,3,1,Low
6.8,81,8.3,100,13,2,2,Low
5.4,47,5.6,78,13,7,0,Low
2.5,100,7.6,58,8,7,2,Medium
7.6,58,5.4,97,19,4,0,Low
3.8,66,4.7,52,8,10,1,High
6.2,72,6.0,68,10,4,1,Low
6.0,67,7.1,80,16,5,1,Low
4.6,98,7.3,86,14,5,2,Low
5.9,76,8.5,81,17,2,1,Low
4.0,80,6.3,77,6,6,1,Low
6.8,41,6.6,85,16,3,0,Low
6.9,67,5.4,81,14,5,0,Low
4.2,70,8.4,69,14,7,0,Low
3.3,85,6.0,81,5,9,1,High
7.4,63,7.6,100,12,3,1,Low
6.9,48,5.5,69,17,2,0,Low
3.3,74,6.4,75,7,8,0,Medium
8.0,100,4.2,100,18,1,1,Low
6.0,82,8.0,86,15,8,2,Low
8.0,98,7.3,100,20,1,2,Low
4.4,58,5.0,49,8,4,1,Medium
3.3,96,4.5,65,4,6,1,Medium
4.9,74,5.0,71,8,5,1,Medium
5.7,58,5.7,95,14,4,1,Low
5.4,64,5.8,88,10,6,1,Low
5.8,57,8.8,85,14,1,1,Low
4.7,70,8.3,91,11,8,1,Low
5.5,89,8.2,83,15,8,2,Low
5.1,56,7.4,53,8,5,0,Low
5.6,76,4.2,84,15,4,1,Low
5.6,61,4.3,91,12,7,1,Low
7.0,67,4.7,84,12,4,1,Low
5.9,93,5.2,100,8,3,2,Low
4.3,59,8.0,64,14,7,0,Low
6.3,64,4.9,89,16,6,1,Low
4.4,64,9.0,64,9,5,1,Low
6.0,47,6.1,89,12,3,1,Low
5.1,100,5.3,78,11,3,2,Low
4.9,56,6.2,84,14,10,0,Low
7.9,49,5.4,88,14,3,0,Low
5.2,42,7.8,62,10,5,0,Low
4.4,96,7.5,80,16,8,2,Low
8.0,63,7.0,100,15,3,1,Low
8.0,65,6.9,100,18,2,1,Low
5.4,55,6.8,91,10,2,0,Low
7.8,93,7.5,100,19,2,2,Low
7.2,65,6.3,100,19,1,1,Low
7.5,69,8.1,100,12,1,0,Low
1.2,58,7.5,45,11,10,0,Medium
2.2,62,4.6,58,9,8,1,Medium
7.9,95,5.9,100,19,1,2,Low
4.4,43,4.4,50,9,10,0,High
5.4,85,7.0,83,17,6,2,Low
7.7,72,8.0,100,20,4,1,Low
7.8,75,7.0,100,20,3,1,Low
2.8,67,7.0,49,13,10,1,Medium
3.8,74,8.3,57,16,5,0,Low
7.0,81,6.8,92,17,2,2,Low
6.2,98,4.6,89,14,4,2,Low
7.2,52,6.3,96,11,2,1,Low
8.0,74,7.9,100,20,2,1,Low
7.8,70,6.3,89,15,4,0,Low
2.7,49,6.4,25,11,7,0,Medium
7.1,40,5.6,65,20,5,0,Low
7.3,48,8.1,90,14,1,0,Low
2.7,45,6.0,45,8,8,1,Medium
7.1,93,5.7,100,15,5,2,Low
4.1,93,8.2,55,9,4,1,Low
2.9,95,4.3,71,10,9,2,Medium
3.7,58,5.3,40,10,7,0,Medium
8.0,66,4.8,88,13,1,1,Low
4.5,80,8.4,58,11,6,0,Low
7.1,77,6.7,80,12,2,1,Low
1.9,71,8.8,25,13,9,1,High
7.6,75,8.1,100,19,2,1,Low
4.4,60,5.8,50,12,10,1,Low
6.5,44,6.2,87,15,2,1,Low
8.0,42,6.9,76,16,1,0,Low
3.0,57,4.2,33,8,7,0,Medium
6.0,65,5.6,70,11,5,1,Low
3.8,92,8.1,71,15,9,2,Low
6.5,77,8.3,90,14,2,0,Low
4.7,55,6.9,84,14,10,1,Medium
4.0,100,6.7,75,7,8,2,Medium
5.9,61,7.5,63,17,6,0,Low
8.0,60,7.1,87,20,2,1,Low
8.0,53,4.3,85,12,1,0,Low
2.7,93,7.1,57,5,9,1,High
5.9,79,6.1,66,12,6,1,Low
4.2,42,5.4,40,14,5,1,Low
2.8,93,6.2,64,6,9,2,Medium
8.0,55,8.2,100,13,2,0,Low
5.3,79,6.1,79,10,2,1,Low
3.1,49,6.2,58,12,8,0,Medium
6.8,60,8.2,78,14,6,1,Low
4.5,64,9.0,74,11,8,0,Medium
6.8,51,8.4,94,14,5,0,Low
6.7,65,6.9,84,19,1,1,Low
4.6,81,5.5,88,8,4,2,Low
6.1,46,4.6,79,11,1,0,Medium
5.1,64,4.3,89,6,2,1,Medium
4.0,46,4.1,49,8,6,0,Medium
4.3,75,5.5,78,8,10,0,High
5.3,56,4.1,67,12,3,0,Low
4.1,69,8.8,75,14,8,0,Low
8.0,49,5.2,83,12,2,0,Medium
4.4,46,4.3,45,6,9,0,High
2.0,99,8.6,65,8,10,1,Medium
3.2,96,6.4,62,6,8,2,Medium
2.7,85,5.3,72,3,8,2,High
4.3,74,7.3,86,9,5,1,Low
2.8,91,6.9,72,9,7,1,Medium
8.0,76,8.9,96,19,2,1,Low
4.7,63,6.1,83,9,6,1,Low
6.3,80,4.3,72,13,1,0,Medium
5.3,93,5.3,72,13,9,1,Low
5.8,65,7.9,70,17,7,1,Low
5.0,78,5.2,92,8,9,1,Low
5.3,95,5.4,96,7,4,2,Low
3.0,56,4.4,49,3,10,0,High
1.5,85,5.2,30,7,10,2,High
6.4,96,6.5,90,18,7,2,Low
1.7,91,6.8,42,5,10,2,High
6.2,97,6.4,100,15,7,2,Low
5.0,46,4.5,78,8,2,0,Medium
7.0,97,7.5,89,11,6,2,Low
8.0,73,4.9,93,17,1,1,Low
6.0,94,7.0,99,13,7,2,Low
3.1,93,7.8,45,7,6,1,Low
4.3,44,5.1,76,13,9,0,Medium
5.6,72,4.1,93,8,7,1,Medium
7.0,43,4.0,95,14,5,0,Low
5.1,67,7.6,86,14,4,0,Low
3.4,59,8.4,73,12,8,0,Medium
6.0,83,5.7,92,12,8,2,Low
5.9,75,4.8,100,16,3,1,Low
6.5,94,4.4,100,15,1,1,Low
3.5,51,7.0,62,12,6,1,Low
7.0,46,8.8,96,19,5,1,Low
5.0,57,6.3,53,17,5,0,Low
4.6,95,8.3,85,10,7,1,Low
5.5,61,6.5,91,12,2,1,Low
4.0,57,5.9,65,12,8,1,Medium
4.1,46,7.8,39,13,7,0,Medium
5.9,55,5.4,71,8,7,0,Medium
5.3,92,4.4,85,13,5,1,Low
7.1,64,6.6,86,16,1,0,Low
8.0,60,6.8,100,15,3,0,Low
3.1,84,5.5,75,5,6,2,Medium
6.3,72,5.6,73,9,6,1,Low
8.0,80,7.5,100,20,1,1,Low
5.0,81,4.1,87,5,2,2,Low
5.5,51,7.8,71,13,5,0,Low
5.7,47,7.3,77,10,4,1,Medium
5.9,87,5.1,73,11,4,1,Low
5.9,56,7.1,73,18,8,1,Low
8.0,49,6.8,77,15,2,0,Low
5.1,63,7.0,55,15,2,0,Low
3.9,57,5.2,47,8,5,0,Medium
7.4,70,7.0,100,13,3,0,Low
5.4,48,8.0,79,19,6,0,Low
7.1,76,5.6,88,14,3,0,Low
6.0,70,4.4,75,9,1,1,Medium
6.0,41,4.6,87,13,5,0,Low
3.9,68,5.1,51,11,9,1,Low
5.7,61,8.7,64,15,5,1,Low
3.2,96,5.3,62,7,8,1,Medium
4.8,41,4.3,56,12,10,0,High
6.8,60,5.5,84,15,3,1,Low
7.8,80,8.3,100,20,3,1,Low
6.5,67,5.6,100,16,6,1,Low
4.7,70,6.0,55,11,3,1,Low
5.6,97,4.9,98,13,1,2,Low
8.0,66,5.7,100,20,1,0,Low
4.2,55,5.4,60,12,9,1,Medium
2.9,58,5.5,33,10,10,0,Medium
7.5,45,4.3,89,15,4,0,Medium
6.0,80,8.9,99,20,8,1,Low
6.2,46,4.3,66,9,6,0,Medium
3.7,69,6.3,46,11,6,1,Low
3.9,86,5.0,70,10,8,2,Medium
4.9,44,4.2,84,7,3,0,Medium
3.0,81,6.2,55,6,9,2,High
7.7,72,4.7,86,18,1,0,Low
5.2,64,8.6,83,17,5,1,Low
4.8,96,5.1,100,9,3,2,Low
4.6,92,4.2,73,8,10,1,Medium
2.6,78,7.9,51,9,10,1,Medium
5.1,82,7.2,95,17,8,2,Low
3.4,44,7.5,66,8,7,0,Medium
8.0,54,4.8,91,11,2,1,Low
8.0,58,5.0,80,12,1,1,Low
5.7,72,7.5,86,17,1,0,Low
3.7,81,8.2,84,12,6,2,Low
3.8,85,8.9,84,14,5,2,Low
8.0,80,6.3,100,12,3,1,Low
2.8,42,8.6,37,13,7,1,Medium
5.0,90,6.5,92,12,3,2,Low
2.7,48,6.8,43,7,9,1,High
3.4,96,5.8,60,14,8,2,Low
4.7,47,8.4,65,13,3,0,Low
4.3,53,4.5,78,14,8,0,Low
1.7,41,4.8,18,5,10,1,High
4.4,89,6.7,94,14,8,2,Low
7.0,43,8.8,79,17,4,0,Medium
3.3,86,6.0,72,12,10,2,Low
6.9,68,8.7,100,13,2,1,Low
6.7,99,7.1,100,15,1,1,Low
5.1,83,5.4,89,12,2,1,Low
2.7,70,7.4,47,14,8,0,Medium
1.8,79,6.7,27,6,9,0,High
4.8,42,7.1,72,10,5,0,Medium
6.5,65,8.6,99,20,6,1,Low
3.0,98,8.0,84,6,7,1,Medium
3.9,41,4.4,36,12,6,1,Medium
6.1,95,4.5,100,15,5,1,Low
3.3,52,7.4,62,8,7,1,Low
5.5,49,7.8,85,10,5,0,Low
4.2,61,8.0,73,10,4,0,Low
4.8,64,4.9,85,12,8,0,Low
6.4,46,7.0,64,10,7,0,Medium
3.6,45,4.0,31,10,5,0,High
3.6,51,5.2,69,14,10,1,Medium
2.8,65,8.5,58,6,9,0,Medium
1.0,77,8.5,21,11,10,1,High
5.6,66,7.7,61,9,6,1,Low
6.6,64,6.3,100,12,4,1,Low
3.5,44,7.9,52,14,9,1,Medium
4.1,46,4.4,64,7,8,0,Medium
2.2,62,4.1,61,2,9,1,High
5.0,89,6.8,96,17,4,1,Low
4.3,58,5.5,68,13,9,0,Low
5.1,73,4.2,89,7,4,1,Medium
4.0,98,4.6,55,13,8,2,Low
4.9,78,5.4,69,16,3,0,Low
7.5,100,8.4,100,17,3,1,Low
5.4,69,4.1,58,15,9,1,Medium
8.0,44,6.6,86,12,2,0,Low
6.9,50,8.2,76,20,4,0,Low
5.0,62,5.5,86,9,5,1,Low
1.6,52,8.6,30,8,10,1,High
7.5,58,7.9,79,15,1,0,Low
2.1,86,6.9,62,3,10,2,Medium
3.9,58,6.3,58,10,9,0,Medium
6.3,65,4.4,69,8,6,1,Medium
5.1,78,5.5,88,12,5,1,Low
3.6,64,7.8,52,8,5,0,Low
5.8,84,8.6,89,13,7,2,Low
4.7,86,4.7,70,9,8,2,Medium
6.6,84,7.0,100,14,6,1,Low
6.9,53,7.6,94,12,2,1,Low
5.9,97,7.4,99,13,8,2,Low
6.4,90,4.2,100,9,2,2,Low
2.1,56,8.7,32,14,10,0,Medium
5.3,73,4.4,83,8,3,1,Low
3.3,67,5.6,40,5,6,1,Medium
7.4,76,8.1,100,20,2,0,Low
3.6,61,5.9,67,14,7,0,Low
5.9,79,7.3,79,16,7,0,Low
5.1,98,4.8,94,11,6,1,Low
4.9,79,7.8,88,11,3,0,Low
6.4,84,7.1,100,15,7,2,Low
4.8,95,4.8,98,7,5,2,Medium
2.6,66,6.6,45,13,7,1,Low
5.1,71,6.9,86,8,9,1,Low
7.4,93,6.0,95,19,3,1,Low
6.4,50,7.4,97,16,1,0,Low
6.3,69,4.1,91,17,3,0,Low
1.1,83,6.4,28,3,10,2,High
4.0,87,4.7,85,5,10,2,Medium
5.0,46,5.8,54,10,9,0,Medium
6.5,71,7.8,90,11,3,1,Low
3.8,42,8.9,51,14,8,1,Low
4.6,47,8.4,80,15,10,0,Low
3.6,75,5.0,77,6,7,0,Medium
5.6,68,5.6,86,13,4,1,Low
5.3,61,4.3,78,10,9,0,Medium
6.2,92,5.4,80,10,3,2,Low
5.1,79,8.6,66,16,7,0,Low
3.1,43,4.3,31,4,10,0,High
6.4,60,7.9,72,14,5,0,Low
8.0,63,8.0,97,20,2,1,Low
5.0,83,6.0,71,15,6,2,Low
3.7,48,6.6,36,7,10,0,High
2.4,52,8.0,38,13,8,0,Medium
4.6,69,8.9,70,13,5,1,Low
6.2,69,7.8,82,16,1,0,Low
2.5,77,5.8,69,9,8,1,Low
6.4,68,5.2,100,10,7,0,Low
6.3,83,7.6,100,11,2,2,Low
5.4,86,5.6,86,13,8,1,Low
6.9,44,7.7,99,13,4,0,Low
3.9,88,7.9,57,11,10,1,Medium
7.9,44,7.9,100,18,3,0,Low
3.0,64,8.7,42,9,10,1,Medium
4.4,92,4.9,82,13,4,2,Low
1.5,83,6.5,26,3,10,2,High
4.1,50,8.0,68,11,5,0,Low
5.7,83,7.9,78,10,2,2,Low
6.2,85,8.7,100,13,1,2,Low
6.1,56,4.8,78,9,3,1,Low
6.0,55,6.0,79,16,1,1,Low
8.0,100,7.2,100,20,1,2,Low
1.4,98,8.3,43,11,10,1,High
4.5,79,7.2,81,11,4,0,Low
2.4,59,6.9,47,10,9,0,Medium
2.6,52,5.7,50,7,8,0,Medium
7.5,98,4.3,93,10,3,2,Low
4.2,86,8.5,53,9,10,2,Medium
6.3,58,8.2,80,19,5,1,Low
6.3,79,4.3,100,10,3,0,Medium
5.2,77,6.4,75,11,3,1,Low
2.3,64,7.6,36,13,8,0,Medium
4.4,40,6.3,76,11,9,0,Medium
5.2,86,7.2,68,16,2,2,Low
1.1,61,7.7,30,11,10,0,High
5.6,77,4.2,88,15,4,1,Low
6.1,44,6.5,83,13,3,0,Low
6.6,48,5.2,93,18,3,0,Low
6.3,80,8.7,71,11,3,1,Low
4.2,48,7.4,61,8,8,1,Low
5.1,76,4.5,88,11,3,1,Low
2.6,73,6.9,32,5,7,1,High
3.2,64,7.8,51,6,9,1,Medium
6.9,79,4.6,100,18,6,1,Low
5.4,51,5.1,53,10,6,0,Medium
4.1,97,8.4,63,10,10,2,Low
5.0,62,6.5,71,14,9,1,Low
3.7,94,8.7,60,15,6,1,Low
2.2,75,5.9,29,8,8,1,High
5.4,96,8.8,100,11,7,2,Low
5.2,54,7.2,78,9,2,0,Low
6.2,60,6.5,98,9,6,1,Low
1.5,62,7.3,55,3,9,1,High
6.2,90,6.0,90,16,7,2,Low
2.2,51,7.6,25,7,8,0,High
2.3,66,5.4,50,4,8,0,High
7.5,99,5.3,95,20,2,2,Low
3.7,82,6.1,64,15,8,1,Medium
4.7,76,5.9,67,10,10,1,Low
4.4,60,6.6,66,15,6,1,Low
7.6,60,5.5,100,19,1,0,Medium
6.2,97,8.6,78,14,2,1,Low
6.6,98,8.3,99,18,1,1,Low
6.4,70,7.5,100,15,1,0,Low
2.6,59,4.8,58,11,10,0,High
6.9,80,7.8,77,13,3,0,Low
5.9,66,7.0,62,17,1,0,Low
5.4,75,5.9,80,8,2,0,Low
5.9,49,7.0,69,11,3,1,Low
2.8,47,7.4,55,10,9,0,Medium
5.7,45,4.7,85,16,8,1,Low
3.1,75,4.2,61,3,8,1,High
3.0,70,6.4,62,11,9,1,Medium
6.0,98,8.4,100,20,3,1,Low
3.7,46,4.3,45,12,9,0,Medium
3.8,78,8.1,81,13,8,0,Medium
3.5,71,4.6,58,13,6,1,Medium
5.9,51,5.8,89,18,5,0,Low
4.2,81,8.0,79,8,9,2,Low
3.8,82,8.8,55,10,5,1,Low
3.2,93,7.8,80,6,6,2,Medium
7.2,56,8.8,81,13,4,0,Low
3.8,40,8.2,52,11,9,1,Medium
7.8,85,5.2,98,20,2,2,Low
7.3,70,6.7,100,17,4,1,Low
3.3,72,4.4,44,12,8,1,Low
4.5,58,6.1,56,16,10,0,Medium
8.0,100,4.3,100,16,1,2,Low
5.6,94,6.6,88,8,8,1,Low
2.8,98,4.5,82,9,10,1,Medium
6.5,55,7.7,85,17,7,1,Low
6.4,64,4.8,71,17,4,0,Low
5.8,82,5.0,70,16,1,1,Low
6.5,89,6.7,91,17,6,1,Low
6.8,68,7.4,75,20,4,0,Low
2.0,43,8.8,24,5,10,1,High
5.0,45,7.7,78,15,7,1,Low
2.8,53,8.9,63,16,10,0,Medium
6.3,71,6.5,98,14,2,1,Low
8.0,74,5.2,100,18,3,0,Low
4.4,92,5.9,70,8,7,2,Low
7.8,88,8.9,100,14,1,2,Low
3.7,90,5.4,56,11,7,2,Low
5.3,70,8.5,74,12,5,1,Low
6.5,69,7.5,100,11,2,1,Low
6.6,81,5.6,96,15,1,2,Low
2.6,94,6.0,48,12,9,2,Low
2.7,100,6.3,51,5,9,1,Medium
5.8,96,7.3,99,16,3,2,Low
4.3,89,4.1,71,8,8,2,Medium
3.8,60,4.9,76,11,7,0,Medium
2.3,100,6.8,57,9,8,2,Medium
2.2,79,7.7,46,12,9,0,Medium
6.8,93,5.0,100,14,1,2,Low
4.8,41,7.1,57,7,10,1,Medium
7.1,95,7.6,85,14,5,2,Low
6.5,44,6.0,98,15,1,0,Low
6.3,71,5.2,76,16,3,1,Low
8.0,70,6.6,99,12,3,0,Low
5.3,64,8.1,91,13,8,1,Low
3.6,51,4.8,43,6,10,1,High
4.4,68,7.1,82,8,4,1,Low
3.7,64,4.7,61,9,5,1,Low
7.8,58,6.9,100,20,2,1,Low
2.2,81,6.8,49,12,9,2,Low
6.3,61,4.2,91,9,5,1,Medium
1.3,82,5.7,42,8,10,2,Medium
6.4,78,8.2,79,16,2,0,Low
5.6,97,8.3,100,14,8,2,Low
5.4,97,5.8,87,12,7,2,Low
4.1,53,6.6,67,12,5,0,Low
4.7,48,4.9,72,14,6,1,Low
4.6,91,8.2,75,9,3,2,Low
7.4,43,6.1,97,15,3,0,Low
3.0,52,7.7,68,6,9,0,High
6.4,64,8.4,69,12,6,0,Low
2.7,80,8.1,40,15,10,0,Medium
3.8,42,8.3,40,8,5,0,Medium
6.4,94,4.5,91,10,4,1,Low
7.9,68,6.9,100,20,2,1,Low
8.0,64,7.4,93,16,1,1,Low
4.0,90,8.3,66,10,7,2,Low
7.5,83,4.6,100,11,4,1,Low
4.9,53,4.2,61,9,5,0,Low
3.0,94,6.4,45,13,10,1,Medium
7.3,62,7.3,91,18,5,1,Low
1.4,58,4.1,34,5,10,1,High
2.9,90,8.2,69,9,9,2,Low
7.0,81,5.3,100,18,6,2,Low
4.7,64,6.8,87,7,5,0,Low
5.4,62,5.4,79,13,3,0,Low
6.0,74,8.8,82,15,3,1,Low
5.7,71,8.0,87,15,4,1,Low
4.4,61,5.3,53,8,6,1,Low
2.8,88,7.8,72,5,7,2,Medium
3.1,96,7.8,65,12,8,1,Low
5.8,90,5.8,88,13,4,2,Low
7.5,51,5.3,85,14,1,0,Low
6.3,70,6.0,71,17,2,0,Low
4.8,95,4.6,89,11,3,2,Low
8.0,41,4.7,100,17,2,0,Medium
1.9,66,8.6,46,10,9,1,Medium
4.5,97,8.4,95,18,9,2,Low
4.4,43,9.0,40,11,5,0,Medium
4.8,73,5.6,67,14,8,1,Low
3.5,42,7.9,69,11,7,0,Low
4.9,82,5.4,87,8,5,1,Low
5.1,67,7.7,76,15,7,0,Low
5.9,97,5.6,99,13,6,1,Low
8.0,90,4.6,100,13,2,2,Low
4.0,74,6.8,74,13,8,1,Low
5.5,78,5.4,97,8,9,1,Medium
1.8,97,8.8,66,7,9,1,High
2.4,75,4.1,52,7,9,1,High
8.0,55,4.4,80,12,3,0,Low
8.0,84,8.0,89,20,2,2,Low
6.6,72,5.0,100,14,1,0,Low
6.8,65,8.5,100,13,2,0,Low
1.8,70,4.7,48,4,9,0,High
2.5,45,8.4,36,5,7,0,High
5.0,88,4.2,99,11,8,1,Medium
1.5,79,7.2,32,6,9,1,High
5.5,100,7.9,86,16,3,1,Low
6.8,83,8.7,97,15,3,2,Low
3.6,51,4.1,64,4,6,1,Medium
3.1,56,5.0,33,12,10,0,Medium
4.5,41,8.7,68,16,7,1,Low
4.4,50,6.5,75,6,10,0,High
8.0,93,5.7,100,13,3,2,Low
6.3,47,6.3,67,16,4,0,Low
6.4,71,7.2,97,17,6,0,Low
5.5,80,8.6,68,16,5,0,Low
8.0,96,4.5,93,15,3,2,Low
2.6,77,8.3,51,5,7,0,Medium
2.1,73,7.5,57,11,10,1,Medium
4.6,62,5.8,49,16,4,1,Low
4.1,60,4.8,57,13,8,0,Low
1.9,44,5.2,50,10,10,1,Medium
4.4,68,8.1,67,17,10,1,Low
6.1,96,4.3,81,12,5,1,Low
5.8,69,5.4,66,11,6,1,Low
5.1,94,7.0,91,8,4,2,Low
6.6,96,4.9,87,13,5,2,Low
4.6,77,8.0,60,18,6,1,Low
8.0,87,7.6,94,20,1,1,Low
3.8,88,7.9,55,12,8,1,Low
5.6,85,6.8,100,13,4,2,Low
5.2,86,5.6,64,14,2,2,Low
4.3,100,5.6,58,15,6,2,Low
2.7,56,4.6,65,9,8,0,High
5.9,82,8.3,72,16,1,2,Low
7.6,48,7.6,76,15,1,1,Low
8.0,40,5.7,90,19,2,0,Low
8.0,58,6.3,97,13,3,0,Low
3.2,72,6.6,73,11,9,0,Medium
3.6,49,5.0,42,7,9,0,High
6.4,62,8.9,71,20,2,1,Low
2.0,62,6.3,40,11,9,1,Medium
5.9,50,7.4,79,14,5,0,Low
6.5,69,7.9,83,18,7,1,Low
5.5,90,4.9,84,14,3,1,Low
4.4,79,7.6,81,11,10,0,Medium
4.0,86,4.4,76,12,10,2,Medium
6.1,68,8.3,79,13,2,1,Low
4.2,56,4.5,65,5,6,0,High
5.1,87,5.6,94,12,7,2,Low
5.4,98,7.1,87,10,6,2,Low
2.2,95,5.2,36,7,8,1,High
1.9,57,5.4,39,10,9,0,High
5.1,89,6.7,77,14,9,2,Low
5.5,82,4.4,78,11,6,2,Low
6.2,84,6.6,100,15,4,1,Low
4.8,56,6.1,58,9,3,1,Medium
5.6,74,6.6,98,13,5,0,Low
6.5,62,4.7,97,10,3,0,Medium
7.1,45,8.6,100,18,2,0,Low
5.5,98,5.9,100,17,8,2,Low
5.0,53,5.7,59,11,8,1,Low
6.4,67,5.1,82,17,3,1,Low
2.4,60,5.7,36,4,9,1,High
2.9,90,4.8,54,5,10,1,High
4.5,45,5.0,54,11,3,0,Medium
5.5,74,6.8,92,17,4,0,Low
4.1,63,6.9,81,7,8,1,Medium
8.0,88,5.8,100,20,2,1,Low
5.4,51,6.3,65,10,2,1,Low
3.8,71,7.8,54,12,5,1,Low
